u,v,weight
1476,2493,1
1476,590,1
590,961,1
961,1029,1
590,2006,1
2006,298,1
2006,1837,1
1837,219,1
219,1495,1
2006,2023,1
2023,212,1
212,991,1
2023,2476,1
212,377,1
377,176,1
176,1348,1
1348,260,1
1348,1537,1
176,1582,1
1582,967,1
1582,2440,1
2440,2021,1
212,489,1
489,265,1
265,966,1
212,843,1
843,1299,1
843,1902,1
1299,247,1
247,459,1
459,1151,1
1902,2217,1
212,929,1
929,803,1
212,935,1
935,364,1
364,251,1
364,2132,1
219,55,1
55,537,1
537,651,1
537,2425,1
651,1070,1
651,1990,1
219,65,1
65,310,1
65,842,1
65,1833,1
842,1231,1
65,758,1
758,502,1
65,2296,1
2296,922,1
922,137,1
922,524,1
137,38,1
38,156,1
38,473,1
38,784,1
784,1670,1
784,2118,1
1670,1657,1
1657,437,1
1670,2265,1
2118,469,1
469,318,1
469,1114,1
38,1055,1
1055,169,1
38,1170,1
1170,979,1
38,1514,1
1514,276,1
1514,931,1
931,2304,1
2304,1377,1
38,2372,1
2372,2308,1
2308,385,1
137,423,1
423,1336,1
423,1766,1
1336,440,1
137,2068,1
2068,2267,1
137,2169,1
2169,2352,1
2352,32,1
32,507,1
507,2286,1
32,414,1
32,731,1
731,742,1
731,820,1
156,70,1
70,23,1
23,451,1
23,2093,1
2093,850,1
850,1728,1
70,1244,1
1244,1519,1
70,2228,1
2228,902,1
156,131,1
131,211,1
131,1088,1
1088,889,1
889,2112,1
1088,1839,1
131,1668,1
1668,124,1
124,785,1
1668,2305,1
124,7,1
7,74,1
7,305,1
305,1035,1
1035,1129,1
1035,2240,1
1129,624,1
1129,680,1
680,1587,1
7,1501,1
1501,81,1
1501,198,1
1501,506,1
7,1521,1
1521,2138,1
7,1871,1
1871,150,1
150,2195,1
1871,1724,1
7,2233,1
2233,1058,1
74,118,1
74,605,1
74,1235,1
1235,1531,1
81,697,1
697,761,1
81,738,1
738,1913,1
1913,2209,1
2209,1455,1
1455,2468,1
81,865,1
865,2238,1
81,1496,1
1496,2416,1
2416,564,1
81,2319,1
2319,653,1
2319,1614,1
118,1826,1
1826,879,1
1826,2026,1
124,170,1
124,543,1
543,1221,1
543,1634,1
1221,1895,1
1634,488,1
488,519,1
1895,178,1
131,1780,1
1780,910,1
150,143,1
143,699,1
699,1656,1
150,2025,1
2025,2092,1
2092,1148,1
156,474,1
474,1480,1
1480,656,1
656,2269,1
156,1257,1
1257,649,1
649,83,1
649,719,1
649,1963,1
649,2363,1
2363,492,1
83,710,1
710,290,1
710,2037,1
83,1751,1
1751,1580,1
1580,1566,1
1566,446,1
1566,1592,1
169,1696,1
1696,1447,1
169,1718,1
1718,2108,1
2108,2022,1
2022,679,1
169,1785,1
1785,106,1
106,1624,1
1785,353,1
106,1310,1
1310,978,1
106,2180,1
2180,77,1
2180,259,1
77,90,1
77,125,1
125,177,1
125,1520,1
177,1605,1
1520,108,1
108,105,1
105,34,1
34,1387,1
1387,367,1
367,412,1
367,1186,1
1387,2369,1
77,258,1
90,1492,1
1492,939,1
1492,2381,1
125,1881,1
1881,42,1
42,188,1
42,2414,1
2414,940,1
2414,1138,1
2414,1248,1
1248,1735,1
2414,1450,1
170,343,1
170,2167,1
2167,705,1
705,2043,1
177,48,1
48,1530,1
48,1249,1
1249,833,1
48,2321,1
2321,2472,1
2472,133,1
133,301,1
301,1502,1
1502,957,1
957,1320,1
1320,2360,1
1502,1836,1
1836,332,1
2360,363,1
2360,687,1
2360,1697,1
133,395,1
133,2064,1
2064,87,1
87,27,1
27,101,1
27,913,1
913,610,1
610,1433,1
1433,1344,1
87,408,1
408,923,1
923,174,1
87,478,1
478,1957,1
1957,2384,1
87,892,1
892,1167,1
892,1915,1
87,2378,1
2378,1209,1
101,1031,1
1031,117,1
117,2035,1
117,2076,1
101,2289,1
2289,2109,1
101,2404,1
2404,1217,1
2404,2292,1
117,621,1
621,2330,1
117,1522,1
1522,1760,1
1522,2342,1
2342,1327,1
1327,1812,1
177,1673,1
1673,1066,1
1673,2174,1
178,1663,1
1663,359,1
359,1133,1
1133,1816,1
1133,1932,1
1816,80,1
80,637,1
1816,330,1
330,351,1
330,2399,1
80,336,1
336,798,1
336,1108,1
1108,149,1
1108,1508,1
1108,1652,1
1508,766,1
80,1120,1
1120,2370,1
80,2353,1
2353,2110,1
2110,1162,1
1162,801,1
1162,2073,1
149,1233,1
1233,2409,1
149,2261,1
2261,427,1
2261,2200,1
149,2496,1
2496,1236,1
178,2072,1
2072,1863,1
1863,1892,1
178,2168,1
2168,942,1
178,2245,1
2245,1038,1
188,1089,1
1089,1774,1
198,14,1
14,1437,1
1437,53,1
53,315,1
53,400,1
53,531,1
53,904,1
904,511,1
511,963,1
198,628,1
198,1526,1
1526,1491,1
211,442,1
442,2332,1
2332,407,1
2332,1410,1
1410,530,1
211,1509,1
1509,521,1
211,1590,1
1590,706,1
706,813,1
1590,826,1
826,2140,1
211,2300,1
2300,1028,1
219,764,1
258,1717,1
1717,2111,1
2111,333,1
333,1172,1
1172,1628,1
1628,1439,1
2111,413,1
259,1705,1
1705,1893,1
260,433,1
433,18,1
18,2171,1
2171,2264,1
2264,486,1
18,2466,1
2466,2005,1
260,2356,1
2356,1152,1
1152,2338,1
265,1600,1
1600,71,1
276,1409,1
1409,732,1
732,207,1
207,2066,1
1409,1012,1
207,201,1
201,162,1
162,1662,1
1662,812,1
812,2186,1
2186,1007,1
201,2343,1
2343,2375,1
301,358,1
301,993,1
993,2059,1
2059,1891,1
301,2067,1
2067,2443,1
2443,874,1
305,274,1
274,416,1
416,802,1
416,1049,1
305,293,1
293,1178,1
1178,1305,1
293,2131,1
2131,2183,1
310,224,1
224,1241,1
224,660,1
660,592,1
592,1202,1
315,1942,1
1942,1583,1
318,2081,1
2081,1966,1
1966,1929,1
330,148,1
148,632,1
330,1398,1
1398,161,1
161,64,1
64,546,1
546,1223,1
1223,249,1
1223,1238,1
161,571,1
571,958,1
571,2031,1
332,275,1
275,232,1
232,2486,1
232,279,1
232,1340,1
1340,1515,1
232,2219,1
2219,1930,1
279,387,1
279,397,1
332,316,1
316,456,1
343,1143,1
1143,2396,1
351,120,1
120,205,1
205,1984,1
1984,860,1
860,2341,1
120,1739,1
1739,730,1
205,2397,1
2397,1956,1
1956,921,1
358,401,1
358,676,1
676,2127,1
363,245,1
245,2388,1
2388,1753,1
1753,1749,1
364,1593,1
1593,266,1
266,1380,1
1380,384,1
367,2161,1
2161,1481,1
1481,1545,1
384,1331,1
1331,1658,1
385,466,1
387,917,1
917,1661,1
917,1960,1
395,476,1
476,57,1
57,418,1
397,399,1
399,311,1
311,98,1
98,376,1
311,1910,1
1910,264,1
376,357,1
357,829,1
829,380,1
380,303,1
303,250,1
250,69,1
69,365,1
365,257,1
257,685,1
257,307,1
307,441,1
400,641,1
400,1940,1
1940,1840,1
401,147,1
147,1997,1
1997,386,1
386,672,1
386,1588,1
672,756,1
1588,818,1
386,1504,1
1504,1060,1
401,509,1
407,236,1
236,291,1
291,1733,1
1733,165,1
165,1585,1
1585,1330,1
407,1571,1
1571,980,1
412,79,1
79,783,1
783,2192,1
2192,1822,1
1822,2454,1
412,2229,1
2229,2033,1
413,470,1
414,2420,1
2420,1999,1
418,72,1
72,296,1
296,1706,1
296,751,1
296,916,1
916,1961,1
427,774,1
774,1207,1
427,1778,1
1778,724,1
433,129,1
129,1701,1
1701,294,1
1701,2030,1
129,1983,1
1983,817,1
817,1449,1
294,2086,1
2086,1904,1
433,389,1
389,37,1
37,2115,1
2115,1358,1
1358,141,1
437,481,1
440,204,1
204,1830,1
1830,515,1
515,1633,1
1830,1338,1
440,402,1
402,1096,1
1096,1938,1
440,547,1
441,243,1
243,1554,1
243,479,1
479,2277,1
2277,601,1
442,629,1
629,2237,1
451,949,1
949,89,1
456,263,1
263,2346,1
2346,1393,1
459,94,1
94,1879,1
94,410,1
410,356,1
356,28,1
28,439,1
356,1353,1
1353,760,1
439,339,1
339,1499,1
1499,398,1
398,344,1
344,779,1
779,1982,1
344,1553,1
1553,604,1
459,216,1
216,270,1
270,1808,1
459,426,1
426,1843,1
1843,1321,1
466,1142,1
1142,2053,1
469,168,1
168,49,1
49,1851,1
1851,1517,1
49,1834,1
1834,2310,1
2310,1687,1
49,2098,1
2098,811,1
811,737,1
168,2130,1
2130,1789,1
469,696,1
470,2419,1
2419,1400,1
1400,1191,1
473,1507,1
1507,1119,1
481,1341,1
1341,47,1
47,1294,1
1294,1618,1
492,415,1
415,1,1
1,2010,1
415,280,1
280,268,1
268,217,1
217,21,1
21,321,1
321,267,1
267,172,1
172,285,1
172,1136,1
1136,424,1
285,769,1
424,845,1
845,2193,1
509,404,1
404,139,1
139,925,1
925,67,1
67,1018,1
67,527,1
527,3,1
509,985,1
985,851,1
515,56,1
56,505,1
56,1402,1
1402,1803,1
505,1332,1
1332,1333,1
524,678,1
678,2298,1
527,1748,1
1748,1061,1
1061,553,1
530,654,1
531,107,1
107,635,1
547,335,1
335,2434,1
2434,1810,1
564,425,1
425,862,1
862,1215,1
605,555,1
555,115,1
115,242,1
242,1671,1
555,873,1
873,664,1
555,1002,1
1002,1104,1
605,777,1
628,580,1
580,121,1
121,130,1
130,59,1
59,595,1
59,689,1
130,317,1
317,855,1
855,1653,1
580,514,1
514,239,1
239,636,1
595,324,1
632,159,1
159,673,1
673,688,1
635,2393,1
2393,2212,1
636,60,1
60,1683,1
1683,2235,1
641,984,1
641,2013,1
2013,2429,1
651,846,1
651,1094,1
1094,2151,1
653,244,1
244,95,1
95,235,1
235,1995,1
1995,195,1
654,471,1
471,390,1
390,1180,1
1180,100,1
680,431,1
431,1883,1
687,1214,1
1214,1674,1
688,499,1
499,411,1
411,1645,1
1645,2039,1
499,1130,1
689,163,1
163,22,1
22,589,1
589,1781,1
696,884,1
699,841,1
706,2099,1
2099,733,1
751,382,1
382,1194,1
764,160,1
160,2494,1
2494,1754,1
764,755,1
755,995,1
755,2145,1
2145,2009,1
769,937,1
937,1877,1
777,642,1
642,1543,1
1543,349,1
785,1134,1
1134,810,1
841,2480,1
2480,1894,1
846,795,1
795,1610,1
1610,167,1
884,347,1
347,281,1
892,142,1
142,2438,1
2438,475,1
904,218,1
218,155,1
155,1878,1
1878,2100,1
929,727,1
727,6,1
6,2083,1
2083,1783,1
963,1343,1
1343,974,1
966,254,1
254,2482,1
2482,16,1
16,2051,1
984,213,1
213,669,1
669,1102,1
1102,2387,1
1130,914,1
914,1516,1
1516,1611,1
1194,1392,1
1392,1112,1
137,1577,2
324,30,2
